{
    "cs_agency": [
        {
            "name": [
                "Unnamed",
                "RIP ESP"
            ],
            "position": [
                -1014.8343505859375,
                1292.396484375,
                512.03125
            ],
            "viewangles": [
                0.8201440572738647,
                -103.13356018066406
            ],
            "weapon": "weapon_wallbang"
        }
    ],
    "cs_militia": [
        {
            "name": [
                "Unnamed",
                "RIP ESP"
            ],
            "position": [
                683.437255859375,
                968.9732055664063,
                145.12261962890625
            ],
            "viewangles": [
                31.154043197631836,
                -24.441198348999023
            ],
            "weapon": "weapon_wallbang"
        }
    ],
    "cs_office": [
        {
            "name": [
                "Unnamed",
                "CT Spawn"
            ],
            "position": [
                -783.0867919921875,
                -307.7760925292969,
                -141.61004638671875
            ],
            "viewangles": [
                16.442550659179688,
                -115.49071502685547
            ],
            "weapon": "weapon_wallbang"
        },
        {
            "name": [
                "Unnamed",
                "Office [AWP]"
            ],
            "position": [
                -960.0574951171875,
                91.6858139038086,
                -175.96875
            ],
            "viewangles": [
                0.4925317168235779,
                -0.7112525701522827
            ],
            "weapon": "weapon_wallbang"
        },
        {
            "name": [
                "Unnamed",
                "Office [AWP]"
            ],
            "position": [
                -968.7758178710938,
                -295.50299072265625,
                -175.96875
            ],
            "viewangles": [
                0.14208801090717316,
                20.940383911132813
            ],
            "weapon": "weapon_wallbang"
        },
        {
            "name": [
                "Unnamed",
                "Way"
            ],
            "position": [
                673.6958618164063,
                -299.19525146484375,
                -159.96875
            ],
            "viewangles": [
                1.5856605768203735,
                -58.53843307495117
            ],
            "weapon": "weapon_wallbang"
        },
        {
            "name": [
                "Unnamed",
                "Way"
            ],
            "position": [
                807.4494018554688,
                -573.9842529296875,
                -159.96875
            ],
            "viewangles": [
                2.4371824264526367,
                -51.23054122924805
            ],
            "weapon": "weapon_wallbang"
        },
        {
            "name": [
                "Unnamed",
                "Pixel Walk"
            ],
            "position": [
                624.0198974609375,
                -399.75390625,
                -107.96875
            ],
            "viewangles": [
                6.279531478881836,
                -178.96568298339844
            ],
            "weapon": "weapon_wallbang"
        },
        {
            "name": [
                "Unnamed",
                "Side Hall"
            ],
            "position": [
                1686.4669189453125,
                623.1710205078125,
                -141.96875
            ],
            "viewangles": [
                0.07069957256317139,
                146.30087280273438
            ],
            "weapon": "weapon_wallbang"
        },
        {
            "name": [
                "Unnamed",
                "RIP ESP"
            ],
            "position": [
                1573.571533203125,
                199.97384643554688,
                -159.96875
            ],
            "viewangles": [
                1.2057074308395386,
                109.31623840332031
            ],
            "weapon": "weapon_wallbang"
        }
    ],
    "de_inferno": [
        {
            "name": [
                "Unnamed",
                "AWP"
            ],
            "position": [
                1185.023193359375,
                258.3472900390625,
                145.12867736816406
            ],
            "viewangles": [
                11.527247428894043,
                111.32893371582031
            ],
            "weapon": "weapon_wallbang"
        },
        {
            "name": [
                "Unnamed",
                "AWP"
            ],
            "position": [
                1130.0206298828125,
                434.011962890625,
                108.29708862304688
            ],
            "viewangles": [
                -7.727584362030029,
                -71.05712890625
            ],
            "weapon": "weapon_wallbang"
        },
        {
            "name": [
                "Unnamed",
                "AWP"
            ],
            "position": [
                1023.8362426757813,
                533.8424072265625,
                96.84744262695313
            ],
            "viewangles": [
                -5.618404865264893,
                -55.698970794677734
            ],
            "weapon": "weapon_wallbang"
        },
        {
            "name": [
                "Unnamed",
                "Palace"
            ],
            "position": [
                -337.5583801269531,
                -15.740726470947266,
                192.03125
            ],
            "viewangles": [
                -1.5158298015594482,
                -10.453474044799805
            ],
            "weapon": "weapon_wallbang"
        },
        {
            "name": [
                "Unnamed",
                "Palace"
            ],
            "position": [
                -324.0847473144531,
                -178.37014770507813,
                192.03125
            ],
            "viewangles": [
                -1.620519757270813,
                -3.4053847789764404
            ],
            "weapon": "weapon_wallbang"
        },
        {
            "name": [
                "Unnamed",
                "Palace"
            ],
            "position": [
                259.73504638671875,
                64.40032196044922,
                220.03125
            ],
            "viewangles": [
                -1.321305274963379,
                -22.413999557495117
            ],
            "weapon": "weapon_wallbang"
        },
        {
            "description": "20hp",
            "name": [
                "Unnamed",
                "AWP ONEWAY"
            ],
            "position": [
                2480.002197265625,
                1190.8385009765625,
                160.03125
            ],
            "viewangles": [
                -0.0942685455083847,
                -174.35462951660156
            ],
            "weapon": "weapon_wallbang"
        },
        {
            "name": [
                "Unnamed",
                "RIP ESP"
            ],
            "position": [
                2600.373046875,
                1266.4185791015625,
                160.03125
            ],
            "viewangles": [
                -0.4374237060546875,
                -167.39544677734375
            ],
            "weapon": "weapon_wallbang"
        },
        {
            "name": [
                "Unnamed",
                "Coffins"
            ],
            "position": [
                446.93359375,
                3468.84619140625,
                160.03125
            ],